format,impl,op,ns_per_elem,elems_per_s,rel_time,agree,n,reps,seconds
fp32,libcft,add,125.7689,7951091,1.000,1,1,2461761,0.3096
fp32,mpfr,add,8.1673,122439981,0.065,1,1,1048576,0.0086
fp32,mpfr+754,add,19.1114,52324804,0.152,1,1,4194304,0.0802
fp32,cpu-hw,add,2.0723,482547627,0.016,1,1,1048576,0.0022
fp32,libcft,mul,95.1918,10505108,1.000,1,1,3306693,0.3148
fp32,mpfr,mul,8.2569,121110649,0.087,1,1,1048576,0.0087
fp32,mpfr+754,mul,19.6848,50800639,0.207,1,1,1048576,0.0206
fp32,cpu-hw,mul,1.7605,568026011,0.018,1,1,1048576,0.0018
fp32,libcft,fma,101.5413,9848205,1.000,1,1,3093656,0.3141
fp32,mpfr,fma,16.8324,59409405,0.166,1,1,1048576,0.0177
fp32,mpfr+754,fma,28.4491,35150548,0.280,1,1,1048576,0.0298
fp32,cpu-hw,fma,1.8444,542179922,0.018,1,1,1048576,0.0019
fp32,libcft,div,2967.7877,336951,1.000,1,1,103594,0.3074
fp32,mpfr,div,8.9655,111538773,0.003,1,1,1048576,0.0094
fp32,mpfr+754,div,20.5965,48551928,0.007,1,1,1048576,0.0216
fp32,cpu-hw,div,1.9016,525865614,0.001,1,1,1048576,0.0020
fp32,libcft,sqrt,3590.3275,278526,1.000,1,1,88705,0.3185
fp32,mpfr,sqrt,8.6327,115839151,0.002,1,1,1048576,0.0091
fp32,mpfr+754,sqrt,19.9404,50149505,0.006,1,1,1048576,0.0209
fp32,cpu-hw,sqrt,1.6088,621562522,0.000,1,1,1048576,0.0017
fp32,libcft,add,123.4954,8097465,1.000,4,4,627677,0.3101
fp32,mpfr,add,5.9762,167330407,0.048,4,4,1048576,0.0251
fp32,mpfr+754,add,14.8334,67415282,0.120,4,4,5084410,0.3017
fp32,cpu-hw,add,0.9706,1030288373,0.008,4,4,1048576,0.0041
fp32,libcft,mul,95.0098,10525235,1.000,4,4,821863,0.3123
fp32,mpfr,mul,7.1437,139982779,0.075,4,4,1048576,0.0300
fp32,mpfr+754,mul,19.4835,51325604,0.205,4,4,4170231,0.3250
fp32,cpu-hw,mul,0.9133,1094975597,0.010,4,4,4194304,0.0153
fp32,libcft,fma,104.7865,9543213,1.000,4,4,748374,0.3137
fp32,mpfr,fma,15.8328,63160036,0.151,4,4,5017149,0.3177
fp32,mpfr+754,fma,28.3367,35289927,0.270,4,4,2678876,0.3036
fp32,cpu-hw,fma,0.9208,1086044549,0.009,4,4,1048576,0.0039
fp32,libcft,div,2337.0820,427884,1.000,4,4,34034,0.3182
fp32,mpfr,div,8.2781,120800207,0.004,4,4,1048576,0.0347
fp32,mpfr+754,div,19.6793,50814723,0.008,4,4,4067528,0.3202
fp32,cpu-hw,div,0.9077,1101734699,0.000,4,4,1048576,0.0038
fp32,libcft,sqrt,2871.8882,348203,1.000,4,4,27556,0.3166
fp32,mpfr,sqrt,8.4039,118992411,0.003,4,4,4194304,0.1410
fp32,mpfr+754,sqrt,20.2139,49470987,0.007,4,4,3858873,0.3120
fp32,cpu-hw,sqrt,0.9134,1094832662,0.000,4,4,1048576,0.0038
fp32,libcft,add,128.5401,7779676,1.000,16,16,158260,0.3255
fp32,mpfr,add,7.4027,135085910,0.058,16,16,2647363,0.3136
fp32,mpfr+754,add,18.2575,54771942,0.142,16,16,1063565,0.3107
fp32,cpu-hw,add,0.1731,5776532293,0.001,16,16,16777216,0.0465
fp32,libcft,mul,96.4659,10366361,1.000,16,16,208980,0.3226
fp32,mpfr,mul,7.0436,141973653,0.073,16,16,2684846,0.3026
fp32,mpfr+754,mul,20.3943,49033223,0.211,16,16,955158,0.3117
fp32,cpu-hw,mul,0.1546,6467545023,0.002,16,16,16777216,0.0415
fp32,libcft,fma,110.1587,9077810,1.000,16,16,171536,0.3023
fp32,mpfr,fma,16.4648,60735776,0.149,16,16,1186834,0.3127
fp32,mpfr+754,fma,28.4955,35093287,0.259,16,16,682707,0.3113
fp32,cpu-hw,fma,0.1520,6578655428,0.001,16,16,16777216,0.0408
fp32,libcft,div,2139.8995,467312,1.000,16,16,9153,0.3134
fp32,mpfr,div,8.1014,123435164,0.004,16,16,2388617,0.3096
fp32,mpfr+754,div,21.7213,46037808,0.010,16,16,894529,0.3109
fp32,cpu-hw,div,0.1481,6754112572,0.000,16,16,1048576,0.0025
fp32,libcft,sqrt,2581.7041,387341,1.000,16,16,7404,0.3058
fp32,mpfr,sqrt,8.3308,120035914,0.003,16,16,2383058,0.3176
fp32,mpfr+754,sqrt,23.2206,43065148,0.009,16,16,844015,0.3136
fp32,cpu-hw,sqrt,0.1823,5486336164,0.000,16,16,1048576,0.0031
fp32,libcft,add,132.6819,7536821,1.000,64,64,36858,0.3130
fp32,mpfr,add,7.2250,138408831,0.054,64,64,675128,0.3122
fp32,mpfr+754,add,18.5451,53922625,0.140,64,64,262144,0.3111
fp32,cpu-hw,add,0.0743,13464860355,0.001,64,64,1048576,0.0050
fp32,libcft,mul,102.8138,9726325,1.000,64,64,47621,0.3134
fp32,mpfr,mul,7.6500,130719357,0.074,64,64,642455,0.3145
fp32,mpfr+754,mul,21.7381,46002203,0.211,64,64,223777,0.3113
fp32,cpu-hw,mul,0.0791,12640584598,0.001,64,64,1048576,0.0053
fp32,libcft,fma,111.4500,8972634,1.000,64,64,44360,0.3164
fp32,mpfr,fma,16.5110,60565599,0.148,64,64,262144,0.2770
fp32,mpfr+754,fma,30.7931,32474773,0.276,64,64,162520,0.3203
fp32,cpu-hw,fma,0.1105,9046759746,0.001,64,64,1048576,0.0074
fp32,libcft,div,2011.7656,497076,1.000,64,64,2417,0.3112
fp32,mpfr,div,10.1269,98747195,0.005,64,64,481300,0.3119
fp32,mpfr+754,div,24.6148,40625948,0.012,64,64,202660,0.3193
fp32,cpu-hw,div,0.0832,12022369016,0.000,64,64,4194304,0.0223
fp32,libcft,sqrt,2468.4952,405105,1.000,64,64,1962,0.3100
fp32,mpfr,sqrt,8.3064,120389472,0.003,64,64,588080,0.3126
fp32,mpfr+754,sqrt,25.0774,39876591,0.010,64,64,198358,0.3184
fp32,cpu-hw,sqrt,0.1518,6588343198,0.000,64,64,1048576,0.0102
fp32,libcft,add,135.9462,7355852,1.000,256,256,8909,0.3101
fp32,mpfr,add,7.2688,137575146,0.053,256,256,160181,0.2981
fp32,mpfr+754,add,20.3209,49210528,0.149,256,256,61809,0.3215
fp32,cpu-hw,add,0.0613,16320249018,0.000,256,256,4194304,0.0658
fp32,libcft,mul,107.4183,9309397,1.000,256,256,11619,0.3195
fp32,mpfr,mul,8.8392,113132854,0.082,256,256,137783,0.3118
fp32,mpfr+754,mul,21.5094,46491255,0.200,256,256,56146,0.3092
fp32,cpu-hw,mul,0.0634,15764819030,0.001,256,256,4194304,0.0681
fp32,libcft,fma,113.9678,8774407,1.000,256,256,10685,0.3117
fp32,mpfr,fma,17.6907,56526746,0.155,256,256,65679,0.2974
fp32,mpfr+754,fma,33.7379,29640238,0.296,256,256,35765,0.3089
fp32,cpu-hw,fma,0.0874,11436411724,0.001,256,256,4194304,0.0939
fp32,libcft,div,1992.1179,501978,1.000,256,256,617,0.3147
fp32,mpfr,div,12.8191,78008718,0.006,256,256,94794,0.3111
fp32,mpfr+754,div,26.1855,38189084,0.013,256,256,46497,0.3117
fp32,cpu-hw,div,0.0757,13206344309,0.000,256,256,4194304,0.0813
fp32,libcft,sqrt,2443.2879,409285,1.000,256,256,492,0.3077
fp32,mpfr,sqrt,8.4230,118721906,0.003,256,256,132905,0.2866
fp32,mpfr+754,sqrt,27.3761,36528183,0.011,256,256,44164,0.3095
fp32,cpu-hw,sqrt,0.1520,6577486744,0.000,256,256,4194304,0.1632
fp32,libcft,add,137.1664,7290415,1.000,1024,1024,2175,0.3055
fp32,mpfr,add,8.5101,117507586,0.062,1024,1024,34715,0.3025
fp32,mpfr+754,add,23.3347,42854647,0.170,1024,1024,13080,0.3125
fp32,cpu-hw,add,0.0597,16753140539,0.000,1024,1024,5138306,0.3141
fp32,libcft,mul,108.1830,9243597,1.000,1024,1024,2842,0.3148
fp32,mpfr,mul,11.1953,89323105,0.103,1024,1024,27041,0.3100
fp32,mpfr+754,mul,22.4745,44494816,0.208,1024,1024,13437,0.3092
fp32,cpu-hw,mul,0.0588,17010512515,0.001,1024,1024,4194304,0.2525
fp32,libcft,fma,115.6712,8645194,1.000,1024,1024,2705,0.3204
fp32,mpfr,fma,21.4544,46610460,0.185,1024,1024,13819,0.3036
fp32,mpfr+754,fma,38.0955,26249817,0.329,1024,1024,7963,0.3106
fp32,cpu-hw,fma,0.0827,12094055793,0.001,1024,1024,3803864,0.3221
fp32,libcft,div,1970.9911,507359,1.000,1024,1024,156,0.3149
fp32,mpfr,div,16.3772,61060435,0.008,1024,1024,18500,0.3103
fp32,mpfr+754,div,27.4937,36372022,0.014,1024,1024,11133,0.3134
fp32,cpu-hw,div,0.0762,13127487767,0.000,1024,1024,4009986,0.3128
fp32,libcft,sqrt,2434.9966,410678,1.000,1024,1024,126,0.3142
fp32,mpfr,sqrt,10.3984,96168547,0.004,1024,1024,29242,0.3114
fp32,mpfr+754,sqrt,30.9011,32361292,0.013,1024,1024,9892,0.3130
fp32,cpu-hw,sqrt,0.1534,6519518149,0.000,1024,1024,1941785,0.3050
fp32,libcft,add,139.0638,7190944,1.000,4096,4096,560,0.3190
fp32,mpfr,add,11.7735,84936828,0.085,4096,4096,6355,0.3065
fp32,mpfr+754,add,25.2283,39637965,0.181,4096,4096,2920,0.3017
fp32,cpu-hw,add,0.0655,15270880378,0.000,4096,4096,1255672,0.3368
fp32,libcft,mul,108.8798,9184442,1.000,4096,4096,703,0.3135
fp32,mpfr,mul,11.4454,87371446,0.105,4096,4096,6692,0.3137
fp32,mpfr+754,mul,22.1876,45070129,0.204,4096,4096,3509,0.3189
fp32,cpu-hw,mul,0.0685,14602372260,0.001,4096,4096,1111217,0.3117
fp32,libcft,fma,118.5458,8435556,1.000,4096,4096,651,0.3161
fp32,mpfr,fma,28.1410,35535384,0.237,4096,4096,2566,0.2958
fp32,mpfr+754,fma,41.1817,24282618,0.347,4096,4096,1830,0.3087
fp32,cpu-hw,fma,0.0851,11752978796,0.001,4096,4096,899232,0.3134
fp32,libcft,div,1975.1491,506291,1.000,4096,4096,38,0.3074
fp32,mpfr,div,17.7280,56407845,0.009,4096,4096,4096,0.2974
fp32,mpfr+754,div,26.9555,37098206,0.014,4096,4096,2839,0.3135
fp32,cpu-hw,div,0.0774,12920290238,0.000,4096,4096,963448,0.3054
fp32,libcft,sqrt,2425.6631,412258,1.000,4096,4096,31,0.3080
fp32,mpfr,sqrt,15.0084,66629399,0.006,4096,4096,4096,0.2518
fp32,mpfr+754,sqrt,30.8031,32464258,0.013,4096,4096,2507,0.3163
fp32,cpu-hw,sqrt,0.1525,6556720802,0.000,4096,4096,500872,0.3129
fp32,libcft,add,138.3469,7228205,1.000,16384,16384,139,0.3151
fp32,mpfr,add,16.1717,61836365,0.117,16384,16384,1196,0.3169
fp32,mpfr+754,add,26.7361,37402592,0.193,16384,16384,719,0.3150
fp32,cpu-hw,add,0.0588,17009502014,0.000,16384,16384,262144,0.2525
fp32,libcft,mul,109.0186,9172750,1.000,16384,16384,175,0.3126
fp32,mpfr,mul,11.9470,83703159,0.110,16384,16384,1546,0.3026
fp32,mpfr+754,mul,22.3181,44806759,0.205,16384,16384,839,0.3068
fp32,cpu-hw,mul,0.0588,16992408926,0.001,16384,16384,262144,0.2528
fp32,libcft,fma,117.7632,8491618,1.000,16384,16384,162,0.3126
fp32,mpfr,fma,30.7034,32569645,0.261,16384,16384,621,0.3124
fp32,mpfr+754,fma,41.8547,23892186,0.355,16384,16384,451,0.3093
fp32,cpu-hw,fma,0.1421,7036144864,0.001,16384,16384,120573,0.2808
fp32,libcft,div,1963.7573,509228,1.000,16384,16384,10,0.3217
fp32,mpfr,div,17.8555,56005183,0.009,16384,16384,1071,0.3133
fp32,mpfr+754,div,27.1415,36843959,0.014,16384,16384,717,0.3188
fp32,cpu-hw,div,0.0769,13000551120,0.000,16384,16384,255796,0.3224
fp32,libcft,sqrt,2437.9730,410177,1.000,16384,16384,8,0.3196
fp32,mpfr,sqrt,20.7912,48097284,0.009,16384,16384,899,0.3062
fp32,mpfr+754,sqrt,31.0677,32187759,0.013,16384,16384,598,0.3044
fp32,cpu-hw,sqrt,0.1534,6520494301,0.000,16384,16384,127630,0.3207
fp32,libcft,add,138.6117,7214398,1.000,65536,65536,35,0.3179
fp32,mpfr,add,17.3773,57546275,0.125,65536,65536,275,0.3132
fp32,mpfr+754,add,27.0963,36905388,0.195,65536,65536,176,0.3125
fp32,cpu-hw,add,0.0931,10743344775,0.001,65536,65536,51803,0.3160
fp32,libcft,mul,108.7260,9197435,1.000,65536,65536,43,0.3064
fp32,mpfr,mul,12.0670,82870717,0.111,65536,65536,388,0.3068
fp32,mpfr+754,mul,22.7035,44046127,0.209,65536,65536,209,0.3110
fp32,cpu-hw,mul,0.0925,10814120525,0.001,65536,65536,48070,0.2913
fp32,libcft,fma,117.1093,8539028,1.000,65536,65536,41,0.3147
fp32,mpfr,fma,31.5266,31719294,0.269,65536,65536,153,0.3161
fp32,mpfr+754,fma,42.6702,23435564,0.364,65536,65536,113,0.3160
fp32,cpu-hw,fma,0.1399,7146625853,0.001,65536,65536,34371,0.3152
fp32,libcft,div,1973.3734,506746,1.000,65536,65536,3,0.3880
fp32,mpfr,div,18.2486,54798600,0.009,65536,65536,263,0.3145
fp32,mpfr+754,div,27.3799,36523170,0.014,65536,65536,174,0.3122
fp32,cpu-hw,div,0.0916,10914200074,0.000,65536,65536,52423,0.3148
fp32,libcft,sqrt,2417.6102,413632,1.000,65536,65536,2,0.3169
fp32,mpfr,sqrt,22.0565,45338162,0.009,65536,65536,217,0.3137
fp32,mpfr+754,sqrt,31.8672,31380215,0.013,65536,65536,149,0.3112
fp32,cpu-hw,sqrt,0.1536,6509493570,0.000,65536,65536,30875,0.3108
fp32,libcft,add,137.9837,7247233,1.000,262144,262144,5,0.1809
fp32,mpfr,add,17.9718,55642654,0.130,262144,262144,34,0.1602
fp32,mpfr+754,add,27.2773,36660567,0.198,262144,262144,21,0.1502
fp32,cpu-hw,add,0.0932,10725376170,0.001,262144,262144,6134,0.1499
fp32,libcft,mul,108.1034,9250400,1.000,262144,262144,6,0.1700
fp32,mpfr,mul,12.1542,82276209,0.112,262144,262144,48,0.1529
fp32,mpfr+754,mul,22.8735,43718733,0.212,262144,262144,27,0.1619
fp32,cpu-hw,mul,0.0925,10815444082,0.001,262144,262144,6132,0.1486
fp32,libcft,fma,119.1620,8391938,1.000,262144,262144,5,0.1562
fp32,mpfr,fma,32.0095,31240678,0.269,262144,262144,18,0.1510
fp32,mpfr+754,fma,43.2756,23107731,0.363,262144,262144,14,0.1588
fp32,cpu-hw,fma,0.1403,7129891582,0.001,262144,262144,3595,0.1322
fp32,libcft,div,1969.4481,507756,1.000,262144,262144,1,0.5163
fp32,mpfr,div,18.1177,55194549,0.009,262144,262144,33,0.1567
fp32,mpfr+754,div,27.4336,36451692,0.014,262144,262144,22,0.1582
fp32,cpu-hw,div,0.0913,10953167256,0.000,262144,262144,6075,0.1454
fp32,libcft,sqrt,2422.5082,412795,1.000,262144,262144,1,0.6350
fp32,mpfr,sqrt,22.7261,44002213,0.009,262144,262144,27,0.1609
fp32,mpfr+754,sqrt,32.0115,31238740,0.013,262144,262144,19,0.1594
fp32,cpu-hw,sqrt,0.1535,6515030814,0.000,262144,262144,3864,0.1555
fp32,libcft,add,139.2069,7183553,1.000,1048576,1048576,1,0.1460
fp32,mpfr,add,17.5581,56953778,0.126,1048576,1048576,9,0.1657
fp32,mpfr+754,add,27.0853,36920390,0.195,1048576,1048576,6,0.1704
fp32,cpu-hw,add,0.0991,10095274445,0.001,1048576,1048576,1197,0.1243
fp32,libcft,mul,109.1194,9164272,1.000,1048576,1048576,2,0.2288
fp32,mpfr,mul,12.1350,82406316,0.111,1048576,1048576,13,0.1654
fp32,mpfr+754,mul,22.5378,44369949,0.207,1048576,1048576,7,0.1654
fp32,cpu-hw,mul,0.0970,10313093805,0.001,1048576,1048576,1320,0.1342
fp32,libcft,fma,119.1883,8390085,1.000,1048576,1048576,1,0.1250
fp32,mpfr,fma,31.8993,31348688,0.268,1048576,1048576,5,0.1672
fp32,mpfr+754,fma,43.2577,23117264,0.363,1048576,1048576,4,0.1814
fp32,cpu-hw,fma,0.1747,5725623311,0.001,1048576,1048576,844,0.1546
fp32,libcft,div,1973.8035,506636,1.000,1048576,1048576,1,2.0697
fp32,mpfr,div,18.0780,55315947,0.009,1048576,1048576,8,0.1516
fp32,mpfr+754,div,27.4750,36396672,0.014,1048576,1048576,6,0.1729
fp32,cpu-hw,div,0.0961,10409768696,0.000,1048576,1048576,1200,0.1209
fp32,libcft,sqrt,2431.6006,411252,1.000,1048576,1048576,1,2.5497
fp32,mpfr,sqrt,22.4860,44472105,0.009,1048576,1048576,7,0.1650
fp32,mpfr+754,sqrt,32.0482,31202976,0.013,1048576,1048576,5,0.1680
fp32,cpu-hw,sqrt,0.1559,6413080098,0.000,1048576,1048576,943,0.1542
fp32,libcft,add,138.2513,7233205,1.000,4194304,4194304,1,0.5799
fp32,mpfr,add,17.3023,57795869,0.125,4194304,4194304,3,0.2177
fp32,mpfr+754,add,26.8351,37264650,0.194,4194304,4194304,2,0.2251
fp32,cpu-hw,add,0.1689,5919025415,0.001,4194304,4194304,215,0.1524
fp32,libcft,mul,109.8576,9102696,1.000,4194304,4194304,1,0.4608
fp32,mpfr,mul,12.0382,83069233,0.110,4194304,4194304,3,0.1515
fp32,mpfr+754,mul,22.8447,43773883,0.208,4194304,4194304,2,0.1916
fp32,cpu-hw,mul,0.1635,6114645235,0.001,4194304,4194304,232,0.1591
fp32,libcft,fma,118.0341,8472126,1.000,4194304,4194304,1,0.4951
fp32,mpfr,fma,31.7101,31535646,0.269,4194304,4194304,1,0.1330
fp32,mpfr+754,fma,42.3205,23629216,0.359,4194304,4194304,1,0.1775
fp32,cpu-hw,fma,0.2225,4493725188,0.002,4194304,4194304,168,0.1568
fp32,libcft,div,1970.6366,507450,1.000,4194304,4194304,1,8.2654
fp32,mpfr,div,18.2312,54851165,0.009,4194304,4194304,2,0.1529
fp32,mpfr+754,div,27.2664,36675198,0.014,4194304,4194304,2,0.2287
fp32,cpu-hw,div,0.1605,6230881002,0.000,4194304,4194304,230,0.1548
fp32,libcft,sqrt,2432.9674,411021,1.000,4194304,4194304,1,10.2046
fp32,mpfr,sqrt,22.5554,44335377,0.009,4194304,4194304,2,0.1892
fp32,mpfr+754,sqrt,31.5042,31741846,0.013,4194304,4194304,1,0.1321
fp32,cpu-hw,sqrt,0.1618,6181051044,0.000,4194304,4194304,228,0.1547
fp64,libcft,add,143.8807,6950202,1.000,1,1,2179361,0.3136
fp64,mpfr,add,8.8558,112920094,0.062,1,1,1048576,0.0093
fp64,mpfr+754,add,19.1612,52188732,0.133,1,1,4194304,0.0804
fp64,cpu-hw,add,1.8152,550903527,0.013,1,1,16777216,0.0305
fp64,libcft,mul,107.6850,9286342,1.000,1,1,2955694,0.3183
fp64,mpfr,mul,8.1098,123307482,0.075,1,1,4194304,0.0340
fp64,mpfr+754,mul,20.3450,49152192,0.189,1,1,4194304,0.0853
fp64,cpu-hw,mul,1.8121,551845798,0.017,1,1,16777216,0.0304
fp64,libcft,fma,118.9427,8407409,1.000,1,1,2688370,0.3198
fp64,mpfr,fma,17.5037,57130653,0.147,1,1,1048576,0.0184
fp64,mpfr+754,fma,29.2494,34188701,0.246,1,1,4194304,0.1227
fp64,cpu-hw,fma,1.8346,545086457,0.015,1,1,16777216,0.0308
fp64,libcft,div,3744.7825,267038,1.000,1,1,85625,0.3206
fp64,mpfr,div,8.8606,112859327,0.002,1,1,1048576,0.0093
fp64,mpfr+754,div,20.5555,48648789,0.005,1,1,1048576,0.0216
fp64,cpu-hw,div,1.9608,510007797,0.001,1,1,1048576,0.0021
fp64,libcft,sqrt,4455.7651,224428,1.000,1,1,71629,0.3192
fp64,mpfr,sqrt,9.1524,109260810,0.002,1,1,1048576,0.0096
fp64,mpfr+754,sqrt,19.9523,50119542,0.004,1,1,4194304,0.0837
fp64,cpu-hw,sqrt,1.8011,555224411,0.000,1,1,16777216,0.0302
fp64,libcft,add,150.6317,6638708,1.000,4,4,522780,0.3150
fp64,mpfr,add,6.1920,161499519,0.041,4,4,1048576,0.0260
fp64,mpfr+754,add,14.9977,66676798,0.100,4,4,4194304,0.2516
fp64,cpu-hw,add,1.0319,969109055,0.007,4,4,1048576,0.0043
fp64,libcft,mul,111.8881,8937500,1.000,4,4,700776,0.3136
fp64,mpfr,mul,7.2299,138315177,0.065,4,4,4194304,0.1213
fp64,mpfr+754,mul,19.5179,51235029,0.174,4,4,4186427,0.3268
fp64,cpu-hw,mul,0.8278,1207949894,0.007,4,4,4194304,0.0139
fp64,libcft,fma,125.5960,7962040,1.000,4,4,618125,0.3105
fp64,mpfr,fma,16.7102,59843610,0.133,4,4,4194304,0.2804
fp64,mpfr+754,fma,29.3536,34067410,0.234,4,4,2662334,0.3126
fp64,cpu-hw,fma,0.8512,1174875051,0.007,4,4,1048576,0.0036
fp64,libcft,div,3090.3733,323586,1.000,4,4,24941,0.3083
fp64,mpfr,div,8.0452,124297771,0.003,4,4,1048576,0.0337
fp64,mpfr+754,div,19.7425,50652043,0.006,4,4,3861965,0.3050
fp64,cpu-hw,div,0.8364,1195639663,0.000,4,4,1048576,0.0035
fp64,libcft,sqrt,3772.6051,265069,1.000,4,4,20471,0.3089
fp64,mpfr,sqrt,8.6749,115275636,0.002,4,4,1048576,0.0364
fp64,mpfr+754,sqrt,20.7458,48202625,0.005,4,4,3843123,0.3189
fp64,cpu-hw,sqrt,0.7701,1298546117,0.000,4,4,1048576,0.0032
fp64,libcft,add,148.5719,6730748,1.000,16,16,128527,0.3055
fp64,mpfr,add,7.3468,136114537,0.049,16,16,2673281,0.3142
fp64,mpfr+754,add,18.3587,54470083,0.124,16,16,1070235,0.3144
fp64,cpu-hw,add,0.1864,5365275437,0.001,16,16,1048576,0.0031
fp64,libcft,mul,113.2424,8830616,1.000,16,16,165632,0.3001
fp64,mpfr,mul,7.1409,140038486,0.063,16,16,2746321,0.3138
fp64,mpfr+754,mul,20.3519,49135342,0.180,16,16,973755,0.3171
fp64,cpu-hw,mul,0.1855,5391136338,0.002,16,16,1048576,0.0031
fp64,libcft,fma,126.6729,7894347,1.000,16,16,157210,0.3186
fp64,mpfr,fma,17.4490,57309863,0.138,16,16,1102083,0.3077
fp64,mpfr+754,fma,29.8418,33510070,0.236,16,16,628318,0.3000
fp64,cpu-hw,fma,0.2362,4233463511,0.002,16,16,1048576,0.0040
fp64,libcft,div,2795.8960,357667,1.000,16,16,6911,0.3092
fp64,mpfr,div,8.0638,124010246,0.003,16,16,2405450,0.3104
fp64,mpfr+754,div,20.8359,47994138,0.007,16,16,941621,0.3139
fp64,cpu-hw,div,0.1854,5394711635,0.000,16,16,16777216,0.0498
fp64,libcft,sqrt,3435.8901,291045,1.000,16,16,5668,0.3116
fp64,mpfr,sqrt,8.3765,119381874,0.002,16,16,2308256,0.3094
fp64,mpfr+754,sqrt,19.8095,50480939,0.006,16,16,968562,0.3070
fp64,cpu-hw,sqrt,0.2981,3354101546,0.000,16,16,1048576,0.0050
fp64,libcft,add,150.5692,6641463,1.000,64,64,32379,0.3120
fp64,mpfr,add,7.4699,133870358,0.050,64,64,647738,0.3097
fp64,mpfr+754,add,18.9698,52715440,0.126,64,64,262144,0.3183
fp64,cpu-hw,add,0.1365,7326895121,0.001,64,64,4194304,0.0366
fp64,libcft,mul,115.9532,8624169,1.000,64,64,41591,0.3086
fp64,mpfr,mul,8.0377,124413718,0.069,64,64,618377,0.3181
fp64,mpfr+754,mul,20.9225,47795542,0.180,64,64,215416,0.2884
fp64,cpu-hw,mul,0.1372,7290479515,0.001,64,64,1048576,0.0092
fp64,libcft,fma,129.8440,7701547,1.000,64,64,37101,0.3083
fp64,mpfr,fma,17.4806,57206236,0.135,64,64,262144,0.2933
fp64,mpfr+754,fma,30.8096,32457468,0.237,64,64,156729,0.3090
fp64,cpu-hw,fma,0.1869,5350730648,0.001,64,64,1048576,0.0125
fp64,libcft,div,2691.7782,371502,1.000,64,64,1775,0.3058
fp64,mpfr,div,9.9164,100843302,0.004,64,64,493483,0.3132
fp64,mpfr+754,div,22.7320,43990852,0.008,64,64,219104,0.3188
fp64,cpu-hw,div,0.1514,6605203184,0.000,64,64,1048576,0.0102
fp64,libcft,sqrt,3285.5499,304363,1.000,64,64,1439,0.3026
fp64,mpfr,sqrt,8.2863,120681029,0.003,64,64,579235,0.3072
fp64,mpfr+754,sqrt,22.7877,43883318,0.007,64,64,209837,0.3060
fp64,cpu-hw,sqrt,0.3098,3227706704,0.000,64,64,4194304,0.0832
fp64,libcft,add,156.1739,6403119,1.000,256,256,7954,0.3180
fp64,mpfr,add,7.4705,133859625,0.048,256,256,165976,0.3174
fp64,mpfr+754,add,19.7583,50611672,0.127,256,256,62197,0.3146
fp64,cpu-hw,add,0.1201,8329649695,0.001,256,256,4194304,0.1289
fp64,libcft,mul,121.7604,8212852,1.000,256,256,10108,0.3151
fp64,mpfr,mul,9.0581,110398430,0.074,256,256,137531,0.3189
fp64,mpfr+754,mul,21.9456,45567215,0.180,256,256,55969,0.3144
fp64,cpu-hw,mul,0.1188,8417807275,0.001,256,256,1048576,0.0319
fp64,libcft,fma,132.7095,7535257,1.000,256,256,9214,0.3130
fp64,mpfr,fma,17.8580,55997450,0.135,256,256,63822,0.2918
fp64,mpfr+754,fma,33.1085,30203716,0.249,256,256,36971,0.3134
fp64,cpu-hw,fma,0.1690,5917758780,0.001,256,256,1048576,0.0454
fp64,libcft,div,2676.1317,373674,1.000,256,256,457,0.3131
fp64,mpfr,div,12.7513,78423664,0.005,256,256,90742,0.2962
fp64,mpfr+754,div,25.9421,38547451,0.010,256,256,46743,0.3104
fp64,cpu-hw,div,0.1533,6523181850,0.000,256,256,1048576,0.0412
fp64,libcft,sqrt,3249.1206,307776,1.000,256,256,382,0.3177
fp64,mpfr,sqrt,8.2872,120667867,0.003,256,256,148166,0.3143
fp64,mpfr+754,sqrt,27.7147,36081919,0.009,256,256,44342,0.3146
fp64,cpu-hw,sqrt,0.3062,3265883067,0.000,256,256,4129033,0.3237
fp64,libcft,add,157.5856,6345758,1.000,1024,1024,1953,0.3152
fp64,mpfr,add,7.9826,125272760,0.051,1024,1024,37172,0.3038
fp64,mpfr+754,add,22.4943,44455777,0.143,1024,1024,13567,0.3125
fp64,cpu-hw,add,0.1220,8199929463,0.001,1024,1024,2483930,0.3102
fp64,libcft,mul,123.5947,8090961,1.000,1024,1024,2476,0.3134
fp64,mpfr,mul,11.7212,85315473,0.095,1024,1024,25875,0.3106
fp64,mpfr+754,mul,22.1449,45157225,0.179,1024,1024,13733,0.3114
fp64,cpu-hw,mul,0.1215,8233479730,0.001,1024,1024,2315433,0.2880
fp64,libcft,fma,135.1634,7398451,1.000,1024,1024,2283,0.3160
fp64,mpfr,fma,23.0860,43316373,0.171,1024,1024,12848,0.3037
fp64,mpfr+754,fma,38.6390,25880594,0.286,1024,1024,7810,0.3090
fp64,cpu-hw,fma,0.1688,5923049531,0.001,1024,1024,1838916,0.3179
fp64,libcft,div,2685.6318,372352,1.000,1024,1024,115,0.3163
fp64,mpfr,div,15.5652,64245987,0.006,1024,1024,19376,0.3088
fp64,mpfr+754,div,27.1325,36856169,0.010,1024,1024,11164,0.3102
fp64,cpu-hw,div,0.1560,6410898474,0.000,1024,1024,1979127,0.3161
fp64,libcft,sqrt,3245.2611,308142,1.000,1024,1024,95,0.3157
fp64,mpfr,sqrt,9.9713,100288230,0.003,1024,1024,28836,0.2944
fp64,mpfr+754,sqrt,31.5498,31695903,0.010,1024,1024,9765,0.3155
fp64,cpu-hw,sqrt,0.3047,3282424187,0.000,1024,1024,1016327,0.3171
fp64,libcft,add,158.5747,6306178,1.000,4096,4096,481,0.3124
fp64,mpfr,add,11.5766,86380880,0.073,4096,4096,6346,0.3009
fp64,mpfr+754,add,25.1198,39809200,0.158,4096,4096,3040,0.3128
fp64,cpu-hw,add,0.1394,7171425899,0.001,4096,4096,543211,0.3103
fp64,libcft,mul,123.8176,8076399,1.000,4096,4096,619,0.3139
fp64,mpfr,mul,11.6285,85995910,0.094,4096,4096,6622,0.3154
fp64,mpfr+754,mul,22.1847,45076079,0.179,4096,4096,3455,0.3140
fp64,cpu-hw,mul,0.1349,7414455311,0.001,4096,4096,538721,0.2976
fp64,libcft,fma,136.1217,7346369,1.000,4096,4096,561,0.3128
fp64,mpfr,fma,31.5906,31655021,0.232,4096,4096,2299,0.2975
fp64,mpfr+754,fma,43.5735,22949721,0.320,4096,4096,1704,0.3041
fp64,cpu-hw,fma,0.1736,5761613566,0.001,4096,4096,438977,0.3121
fp64,libcft,div,2667.5066,374882,1.000,4096,4096,28,0.3059
fp64,mpfr,div,17.3499,57637224,0.007,4096,4096,4096,0.2911
fp64,mpfr+754,div,26.4457,37813338,0.010,4096,4096,2861,0.3099
fp64,cpu-hw,div,0.1598,6258724808,0.000,4096,4096,474731,0.3107
fp64,libcft,sqrt,3221.6288,310402,1.000,4096,4096,24,0.3167
fp64,mpfr,sqrt,15.7691,63415303,0.005,4096,4096,4096,0.2646
fp64,mpfr+754,sqrt,33.3533,29982020,0.010,4096,4096,2235,0.3053
fp64,cpu-hw,sqrt,0.3053,3274997108,0.000,4096,4096,247774,0.3099
fp64,libcft,add,158.6652,6302580,1.000,16384,16384,121,0.3145
fp64,mpfr,add,16.5460,60437590,0.104,16384,16384,1150,0.3118
fp64,mpfr+754,add,27.1249,36866530,0.171,16384,16384,703,0.3124
fp64,cpu-hw,add,0.1862,5371336499,0.001,16384,16384,95076,0.2900
fp64,libcft,mul,123.5076,8096668,1.000,16384,16384,155,0.3136
fp64,mpfr,mul,11.7328,85231331,0.095,16384,16384,1632,0.3137
fp64,mpfr+754,mul,22.2162,45012133,0.180,16384,16384,865,0.3149
fp64,cpu-hw,mul,0.1849,5407853272,0.001,16384,16384,101355,0.3071
fp64,libcft,fma,135.9868,7353657,1.000,16384,16384,141,0.3141
fp64,mpfr,fma,33.3884,29950537,0.246,16384,16384,567,0.3102
fp64,mpfr+754,fma,45.6271,21916813,0.336,16384,16384,417,0.3117
fp64,cpu-hw,fma,0.2784,3591313123,0.002,16384,16384,64899,0.2961
fp64,libcft,div,2695.6329,370970,1.000,16384,16384,8,0.3533
fp64,mpfr,div,17.7467,56348450,0.007,16384,16384,1085,0.3155
fp64,mpfr+754,div,27.1195,36873892,0.010,16384,16384,698,0.3101
fp64,cpu-hw,div,0.1866,5359170936,0.000,16384,16384,91678,0.2803
fp64,libcft,sqrt,3253.9469,307319,1.000,16384,16384,6,0.3199
fp64,mpfr,sqrt,23.7891,42036055,0.007,16384,16384,798,0.3110
fp64,mpfr+754,sqrt,34.2025,29237623,0.011,16384,16384,551,0.3088
fp64,cpu-hw,sqrt,0.3054,3274260031,0.000,16384,16384,62650,0.3135
fp64,libcft,add,157.4446,6351440,1.000,65536,65536,31,0.3199
fp64,mpfr,add,17.5626,56939234,0.112,65536,65536,269,0.3096
fp64,mpfr+754,add,27.5239,36332095,0.175,65536,65536,174,0.3139
fp64,cpu-hw,add,0.1856,5387424130,0.001,65536,65536,25646,0.3120
fp64,libcft,mul,123.4303,8101738,1.000,65536,65536,39,0.3155
fp64,mpfr,mul,12.1326,82422884,0.098,65536,65536,395,0.3141
fp64,mpfr+754,mul,22.8029,43854110,0.185,65536,65536,210,0.3138
fp64,cpu-hw,mul,0.1861,5374894034,0.002,65536,65536,24945,0.3042
fp64,libcft,fma,135.5866,7375358,1.000,65536,65536,36,0.3199
fp64,mpfr,fma,34.9681,28597527,0.258,65536,65536,138,0.3163
fp64,mpfr+754,fma,46.2145,21638244,0.341,65536,65536,104,0.3150
fp64,cpu-hw,fma,0.2782,3595030224,0.002,65536,65536,16859,0.3073
fp64,libcft,div,2667.9993,374813,1.000,65536,65536,2,0.3497
fp64,mpfr,div,17.9703,55647413,0.007,65536,65536,264,0.3109
fp64,mpfr+754,div,27.4597,36416982,0.010,65536,65536,175,0.3149
fp64,cpu-hw,div,0.1853,5397894300,0.000,65536,65536,25732,0.3124
fp64,libcft,sqrt,3259.3536,306809,1.000,65536,65536,2,0.4272
fp64,mpfr,sqrt,25.3445,39456250,0.008,65536,65536,190,0.3156
fp64,mpfr+754,sqrt,34.6521,28858317,0.011,65536,65536,140,0.3179
fp64,cpu-hw,sqrt,0.3057,3271394723,0.000,65536,65536,15645,0.3134
fp64,libcft,add,157.9170,6332440,1.000,262144,262144,4,0.1656
fp64,mpfr,add,18.0562,55382779,0.114,262144,262144,32,0.1515
fp64,mpfr+754,add,27.7334,36057613,0.176,262144,262144,21,0.1527
fp64,cpu-hw,add,0.1910,5234623765,0.001,262144,262144,2460,0.1232
fp64,libcft,mul,124.0883,8058778,1.000,262144,262144,5,0.1626
fp64,mpfr,mul,12.1933,82012054,0.098,262144,262144,49,0.1566
fp64,mpfr+754,mul,22.8634,43738050,0.184,262144,262144,26,0.1558
fp64,cpu-hw,mul,0.1939,5158351834,0.002,262144,262144,2369,0.1204
fp64,libcft,fma,134.8778,7414120,1.000,262144,262144,5,0.1768
fp64,mpfr,fma,34.8932,28658840,0.259,262144,262144,18,0.1646
fp64,mpfr+754,fma,45.8767,21797546,0.340,262144,262144,13,0.1563
fp64,cpu-hw,fma,0.2932,3410131926,0.002,262144,262144,1853,0.1424
fp64,libcft,div,2674.6063,373887,1.000,262144,262144,1,0.7011
fp64,mpfr,div,18.1888,54978785,0.007,262144,262144,32,0.1526
fp64,mpfr+754,div,27.8381,35921992,0.010,262144,262144,22,0.1605
fp64,cpu-hw,div,0.1862,5371909797,0.000,262144,262144,2687,0.1311
fp64,libcft,sqrt,3239.4218,308697,1.000,262144,262144,1,0.8492
fp64,mpfr,sqrt,25.8461,38690607,0.008,262144,262144,23,0.1558
fp64,mpfr+754,sqrt,34.7708,28759802,0.011,262144,262144,18,0.1641
fp64,cpu-hw,sqrt,0.3017,3314539380,0.000,262144,262144,1930,0.1526
fp64,libcft,add,159.3637,6274953,1.000,1048576,1048576,1,0.1671
fp64,mpfr,add,17.6111,56782436,0.111,1048576,1048576,9,0.1662
fp64,mpfr+754,add,27.6178,36208568,0.173,1048576,1048576,6,0.1738
fp64,cpu-hw,add,0.3171,3153545550,0.002,1048576,1048576,428,0.1423
fp64,libcft,mul,126.1272,7928501,1.000,1048576,1048576,1,0.1323
fp64,mpfr,mul,11.9298,83823492,0.095,1048576,1048576,12,0.1501
fp64,mpfr+754,mul,22.5661,44314231,0.179,1048576,1048576,7,0.1656
fp64,cpu-hw,mul,0.2986,3348737302,0.002,1048576,1048576,477,0.1494
fp64,libcft,fma,138.0386,7244349,1.000,1048576,1048576,1,0.1447
fp64,mpfr,fma,34.9968,28574045,0.254,1048576,1048576,5,0.1835
fp64,mpfr+754,fma,46.1287,21678454,0.334,1048576,1048576,4,0.1935
fp64,cpu-hw,fma,0.4702,2126604186,0.003,1048576,1048576,332,0.1637
fp64,libcft,div,2670.7048,374433,1.000,1048576,1048576,1,2.8004
fp64,mpfr,div,18.4034,54337753,0.007,1048576,1048576,8,0.1544
fp64,mpfr+754,div,27.3061,36621881,0.010,1048576,1048576,6,0.1718
fp64,cpu-hw,div,0.2930,3412975086,0.000,1048576,1048576,521,0.1601
fp64,libcft,sqrt,3241.9748,308454,1.000,1048576,1048576,1,3.3995
fp64,mpfr,sqrt,25.6073,39051413,0.008,1048576,1048576,6,0.1611
fp64,mpfr+754,sqrt,34.7975,28737715,0.011,1048576,1048576,5,0.1824
fp64,cpu-hw,sqrt,0.3081,3245811968,0.000,1048576,1048576,454,0.1467
fp64,libcft,add,159.3919,6273845,1.000,4194304,4194304,1,0.6685
fp64,mpfr,add,18.1842,54992841,0.114,4194304,4194304,3,0.2288
fp64,mpfr+754,add,27.5981,36234322,0.173,4194304,4194304,2,0.2315
fp64,cpu-hw,add,0.3297,3032716399,0.002,4194304,4194304,106,0.1466
fp64,libcft,mul,124.7637,8015150,1.000,4194304,4194304,1,0.5233
fp64,mpfr,mul,11.8340,84502100,0.095,4194304,4194304,4,0.1985
fp64,mpfr+754,mul,22.8069,43846413,0.183,4194304,4194304,2,0.1913
fp64,cpu-hw,mul,0.3274,3054007321,0.003,4194304,4194304,114,0.1566
fp64,libcft,fma,136.8949,7304872,1.000,4194304,4194304,1,0.5742
fp64,mpfr,fma,35.0788,28507276,0.256,4194304,4194304,1,0.1471
fp64,mpfr+754,fma,45.9325,21771062,0.336,4194304,4194304,1,0.1927
fp64,cpu-hw,fma,0.4126,2423836044,0.003,4194304,4194304,84,0.1454
fp64,libcft,div,2675.8912,373707,1.000,4194304,4194304,1,11.2235
fp64,mpfr,div,18.1671,55044443,0.007,4194304,4194304,2,0.1524
fp64,mpfr+754,div,27.5098,36350671,0.010,4194304,4194304,2,0.2308
fp64,cpu-hw,div,0.3122,3203167859,0.000,4194304,4194304,118,0.1545
fp64,libcft,sqrt,3252.3568,307469,1.000,4194304,4194304,1,13.6414
fp64,mpfr,sqrt,25.4730,39257255,0.008,4194304,4194304,2,0.2137
fp64,mpfr+754,sqrt,34.9557,28607605,0.011,4194304,4194304,1,0.1466
fp64,cpu-hw,sqrt,0.3213,3112604004,0.000,4194304,4194304,111,0.1496
fp128,libcft,add,211.6772,4724175,1.000,1,1,1412755,0.2990
fp128,mpfr,add,8.2054,121870758,0.039,1,1,1048576,0.0086
fp128,mpfr+754,add,18.5804,53820048,0.088,1,1,1048576,0.0195
fp128,libcft,mul,147.6991,6770521,1.000,1,1,2139295,0.3160
fp128,mpfr,mul,9.2373,108256865,0.063,1,1,1048576,0.0097
fp128,mpfr+754,mul,21.1504,47280540,0.143,1,1,4194304,0.0887
fp128,libcft,fma,176.5469,5664217,1.000,1,1,1755981,0.3100
fp128,mpfr,fma,28.0409,35662211,0.159,1,1,1048576,0.0294
fp128,mpfr+754,fma,41.2009,24271328,0.233,1,1,4194304,0.1728
fp128,libcft,div,6114.4710,163546,1.000,1,1,51192,0.3130
fp128,mpfr,div,12.3873,80728000,0.002,1,1,1048576,0.0130
fp128,mpfr+754,div,22.8250,43811605,0.004,1,1,4194304,0.0957
fp128,libcft,sqrt,7261.7713,137707,1.000,1,1,42816,0.3109
fp128,mpfr,sqrt,13.4668,74256497,0.002,1,1,1048576,0.0141
fp128,mpfr+754,sqrt,21.9603,45536805,0.003,1,1,1048576,0.0230
fp128,libcft,add,207.3770,4822134,1.000,4,4,378417,0.3139
fp128,mpfr,add,8.1744,122332847,0.039,4,4,1048576,0.0343
fp128,mpfr+754,add,19.3091,51789079,0.093,4,4,4189853,0.3236
fp128,libcft,mul,149.4459,6691386,1.000,4,4,517577,0.3094
fp128,mpfr,mul,8.1335,122947837,0.054,4,4,4194304,0.1365
fp128,mpfr+754,mul,20.6325,48467312,0.138,4,4,3883201,0.3205
fp128,libcft,fma,172.1692,5808241,1.000,4,4,452597,0.3117
fp128,mpfr,fma,31.9825,31267105,0.186,4,4,2489440,0.3185
fp128,mpfr+754,fma,45.5156,21970470,0.264,4,4,1629017,0.2966
fp128,libcft,div,4728.0633,211503,1.000,4,4,16559,0.3132
fp128,mpfr,div,12.3801,80774641,0.003,4,4,4194304,0.2077
fp128,mpfr+754,div,22.2237,44996960,0.005,4,4,3352431,0.2980
fp128,libcft,sqrt,5751.6166,173864,1.000,4,4,13609,0.3131
fp128,mpfr,sqrt,14.4371,69265801,0.003,4,4,4194304,0.2422
fp128,mpfr+754,sqrt,23.0515,43381168,0.004,4,4,3169298,0.2922
fp128,libcft,add,201.5218,4962243,1.000,16,16,100353,0.3236
fp128,mpfr,add,7.7463,129094014,0.038,16,16,2516357,0.3119
fp128,mpfr+754,add,18.7094,53448989,0.093,16,16,1051983,0.3149
fp128,libcft,mul,154.8419,6458201,1.000,16,16,128540,0.3185
fp128,mpfr,mul,8.3275,120083610,0.054,16,16,2297252,0.3061
fp128,mpfr+754,mul,20.5976,48549458,0.133,16,16,964083,0.3177
fp128,libcft,fma,167.8051,5959293,1.000,16,16,117702,0.3160
fp128,mpfr,fma,34.5492,28944253,0.206,16,16,566032,0.3129
fp128,mpfr+754,fma,47.6157,21001480,0.284,16,16,407052,0.3101
fp128,libcft,div,4252.5177,235155,1.000,16,16,4096,0.2787
fp128,mpfr,div,12.4529,80302438,0.003,16,16,1539734,0.3068
fp128,mpfr+754,div,23.2334,43041402,0.005,16,16,840456,0.3124
fp128,libcft,sqrt,5168.9688,193462,1.000,16,16,3828,0.3166
fp128,mpfr,sqrt,14.1086,70878958,0.003,16,16,1442152,0.3255
fp128,mpfr+754,sqrt,22.5847,44277839,0.004,16,16,861727,0.3114
fp128,libcft,add,210.8581,4742526,1.000,64,64,23513,0.3173
fp128,mpfr,add,8.2861,120684094,0.039,64,64,589489,0.3126
fp128,mpfr+754,add,20.1153,49713449,0.095,64,64,244977,0.3154
fp128,libcft,mul,157.0165,6368759,1.000,64,64,31435,0.3159
fp128,mpfr,mul,8.6456,115665268,0.055,64,64,563823,0.3120
fp128,mpfr+754,mul,22.3013,44840436,0.142,64,64,220121,0.3142
fp128,libcft,fma,177.7244,5626690,1.000,64,64,27527,0.3131
fp128,mpfr,fma,37.7377,26498709,0.212,64,64,134341,0.3245
fp128,mpfr+754,fma,51.5232,19408723,0.290,64,64,95759,0.3158
fp128,libcft,div,4126.5676,242332,1.000,64,64,1216,0.3211
fp128,mpfr,div,13.1170,76236982,0.003,64,64,373211,0.3133
fp128,mpfr+754,div,25.9088,38596893,0.006,64,64,188541,0.3126
fp128,libcft,sqrt,4961.0184,201572,1.000,64,64,966,0.3067
fp128,mpfr,sqrt,13.8495,72205028,0.003,64,64,351291,0.3114
fp128,mpfr+754,sqrt,23.1307,43232621,0.005,64,64,206352,0.3055
fp128,libcft,add,212.9853,4695160,1.000,256,256,5736,0.3128
fp128,mpfr,add,8.1511,122683232,0.038,256,256,153828,0.3210
fp128,mpfr+754,add,20.9747,47676480,0.098,256,256,56884,0.3054
fp128,libcft,mul,160.7240,6221846,1.000,256,256,7692,0.3165
fp128,mpfr,mul,10.7398,93111521,0.067,256,256,115399,0.3173
fp128,mpfr+754,mul,23.1241,43244846,0.144,256,256,53042,0.3140
fp128,libcft,fma,179.5106,5570703,1.000,256,256,6800,0.3125
fp128,mpfr,fma,42.2570,23664699,0.235,256,256,29572,0.3199
fp128,mpfr+754,fma,55.1204,18142100,0.307,256,256,22143,0.3125
fp128,libcft,div,4092.6738,244339,1.000,256,256,294,0.3080
fp128,mpfr,div,13.1074,76292818,0.003,256,256,91684,0.3076
fp128,mpfr+754,div,30.9051,32357139,0.008,256,256,39536,0.3128
fp128,libcft,sqrt,4952.0156,201938,1.000,256,256,250,0.3169
fp128,mpfr,sqrt,13.8984,71950634,0.003,256,256,89180,0.3173
fp128,mpfr+754,sqrt,24.3114,41132912,0.005,256,256,45350,0.2822
fp128,libcft,add,214.5963,4659912,1.000,1024,1024,1417,0.3114
fp128,mpfr,add,8.9133,112192373,0.042,1024,1024,32222,0.2941
fp128,mpfr+754,add,24.1308,41440734,0.112,1024,1024,12496,0.3088
fp128,libcft,mul,160.6335,6225353,1.000,1024,1024,1942,0.3194
fp128,mpfr,mul,12.2004,81964559,0.076,1024,1024,24943,0.3116
fp128,mpfr+754,mul,23.1171,43258051,0.144,1024,1024,13136,0.3110
fp128,libcft,fma,180.1267,5551649,1.000,1024,1024,1710,0.3154
fp128,mpfr,fma,45.3682,22041849,0.252,1024,1024,6699,0.3112
fp128,mpfr+754,fma,57.9999,17241404,0.322,1024,1024,5195,0.3085
fp128,libcft,div,4054.5044,246639,1.000,1024,1024,64,0.2657
fp128,mpfr,div,16.7023,59872105,0.004,1024,1024,16776,0.2869
fp128,mpfr+754,div,35.5340,28142054,0.009,1024,1024,8562,0.3115
fp128,libcft,sqrt,4910.2936,203654,1.000,1024,1024,64,0.3218
fp128,mpfr,sqrt,16.7036,59867223,0.003,1024,1024,18437,0.3154
fp128,mpfr+754,sqrt,35.9039,27852101,0.007,1024,1024,8414,0.3093
fp128,libcft,add,214.5732,4660415,1.000,4096,4096,360,0.3164
fp128,mpfr,add,13.3546,74880730,0.062,4096,4096,5606,0.3067
fp128,mpfr+754,add,26.6390,37538902,0.124,4096,4096,2776,0.3029
fp128,libcft,mul,160.9627,6212620,1.000,4096,4096,475,0.3132
fp128,mpfr,mul,12.4744,80164311,0.077,4096,4096,6028,0.3080
fp128,mpfr+754,mul,23.3782,42774933,0.145,4096,4096,3313,0.3172
fp128,libcft,fma,180.6192,5536510,1.000,4096,4096,419,0.3100
fp128,mpfr,fma,47.8661,20891614,0.265,4096,4096,1579,0.3096
fp128,mpfr+754,fma,60.1349,16629285,0.333,4096,4096,1293,0.3185
fp128,libcft,div,4071.8544,245588,1.000,4096,4096,19,0.3169
fp128,mpfr,div,26.4692,37779737,0.007,4096,4096,2893,0.3137
fp128,mpfr+754,div,38.4987,25974878,0.009,4096,4096,2028,0.3198
fp128,libcft,sqrt,4917.4652,203357,1.000,4096,4096,16,0.3223
fp128,mpfr,sqrt,34.3898,29078397,0.007,4096,4096,2159,0.3041
fp128,mpfr+754,sqrt,46.0756,21703464,0.009,4096,4096,1611,0.3040
fp128,libcft,add,214.8204,4655051,1.000,16384,16384,89,0.3132
fp128,mpfr,add,18.1473,55104521,0.084,16384,16384,1028,0.3057
fp128,mpfr+754,add,28.4434,35157561,0.132,16384,16384,671,0.3127
fp128,libcft,mul,160.8112,6218471,1.000,16384,16384,119,0.3135
fp128,mpfr,mul,12.7999,78125732,0.080,16384,16384,1496,0.3137
fp128,mpfr+754,mul,23.5176,42521355,0.146,16384,16384,823,0.3171
fp128,libcft,fma,180.7188,5533458,1.000,16384,16384,107,0.3168
fp128,mpfr,fma,49.3303,20271517,0.273,16384,16384,391,0.3160
fp128,mpfr+754,fma,60.6382,16491246,0.336,16384,16384,310,0.3080
fp128,libcft,div,4066.4429,245915,1.000,16384,16384,5,0.3331
fp128,mpfr,div,29.2665,34168816,0.007,16384,16384,646,0.3098
fp128,mpfr+754,div,39.4722,25334287,0.010,16384,16384,480,0.3104
fp128,libcft,sqrt,4888.6719,204555,1.000,16384,16384,4,0.3204
fp128,mpfr,sqrt,38.1259,26228871,0.008,16384,16384,493,0.3080
fp128,mpfr+754,sqrt,48.1438,20771120,0.010,16384,16384,400,0.3155
fp128,libcft,add,215.7829,4634288,1.000,65536,65536,22,0.3111
fp128,mpfr,add,19.3202,51759184,0.090,65536,65536,245,0.3102
fp128,mpfr+754,add,29.0189,34460252,0.134,65536,65536,163,0.3100
fp128,libcft,mul,161.4419,6194178,1.000,65536,65536,31,0.3280
fp128,mpfr,mul,13.1089,76283815,0.081,65536,65536,372,0.3196
fp128,mpfr+754,mul,23.6965,42200290,0.147,65536,65536,201,0.3121
fp128,libcft,fma,181.9611,5495681,1.000,65536,65536,26,0.3100
fp128,mpfr,fma,49.6709,20132530,0.273,65536,65536,96,0.3125
fp128,mpfr+754,fma,61.7003,16207365,0.339,65536,65536,64,0.2588
fp128,libcft,div,4076.8738,245286,1.000,65536,65536,1,0.2672
fp128,mpfr,div,30.0607,33266049,0.007,65536,65536,159,0.3132
fp128,mpfr+754,div,39.8062,25121711,0.010,65536,65536,119,0.3104
fp128,libcft,sqrt,4901.3824,204024,1.000,65536,65536,1,0.3212
fp128,mpfr,sqrt,39.8547,25091140,0.008,65536,65536,122,0.3187
fp128,mpfr+754,sqrt,49.1008,20366284,0.010,65536,65536,98,0.3154
fp128,libcft,add,216.3798,4621503,1.000,262144,262144,3,0.1702
fp128,mpfr,add,19.3946,51560859,0.090,262144,262144,30,0.1525
fp128,mpfr+754,add,29.1336,34324622,0.135,262144,262144,20,0.1527
fp128,libcft,mul,160.6665,6224074,1.000,262144,262144,4,0.1685
fp128,mpfr,mul,12.9218,77388689,0.080,262144,262144,38,0.1287
fp128,mpfr+754,mul,24.0970,41499001,0.150,262144,262144,24,0.1516
fp128,libcft,fma,183.7797,5441297,1.000,262144,262144,4,0.1927
fp128,mpfr,fma,49.8921,20043250,0.271,262144,262144,12,0.1569
fp128,mpfr+754,fma,61.5456,16248125,0.335,262144,262144,10,0.1613
fp128,libcft,div,4046.6805,247116,1.000,262144,262144,1,1.0608
fp128,mpfr,div,30.4029,32891549,0.008,262144,262144,20,0.1594
fp128,mpfr+754,div,39.9718,25017662,0.010,262144,262144,14,0.1467
fp128,libcft,sqrt,4918.8957,203298,1.000,262144,262144,1,1.2895
fp128,mpfr,sqrt,39.4407,25354543,0.008,262144,262144,15,0.1551
fp128,mpfr+754,sqrt,49.8540,20058587,0.010,262144,262144,12,0.1568
fp128,libcft,add,214.5624,4660648,1.000,1048576,1048576,1,0.2250
fp128,mpfr,add,19.7139,50725685,0.092,1048576,1048576,8,0.1654
fp128,mpfr+754,add,29.2002,34246373,0.136,1048576,1048576,5,0.1531
fp128,libcft,mul,160.5787,6227475,1.000,1048576,1048576,1,0.1684
fp128,mpfr,mul,13.3854,74708120,0.083,1048576,1048576,11,0.1544
fp128,mpfr+754,mul,23.8261,41970741,0.148,1048576,1048576,6,0.1499
fp128,libcft,fma,181.2935,5515918,1.000,1048576,1048576,1,0.1901
fp128,mpfr,fma,49.7103,20116566,0.274,1048576,1048576,3,0.1564
fp128,mpfr+754,fma,60.6524,16487390,0.335,1048576,1048576,3,0.1908
fp128,libcft,div,4061.1629,246235,1.000,1048576,1048576,1,4.2584
fp128,mpfr,div,30.5889,32691583,0.008,1048576,1048576,5,0.1604
fp128,mpfr+754,div,40.8740,24465428,0.010,1048576,1048576,4,0.1714
fp128,libcft,sqrt,4904.6841,203887,1.000,1048576,1048576,1,5.1429
fp128,mpfr,sqrt,39.7689,25145255,0.008,1048576,1048576,4,0.1668
fp128,mpfr+754,sqrt,48.7509,20512451,0.010,1048576,1048576,3,0.1534
fp128,libcft,add,218.9245,4567784,1.000,4194304,4194304,1,0.9182
fp128,mpfr,add,19.3719,51621250,0.088,4194304,4194304,2,0.1625
fp128,mpfr+754,add,29.9370,33403448,0.137,4194304,4194304,1,0.1256
fp128,libcft,mul,160.4090,6234065,1.000,4194304,4194304,1,0.6728
fp128,mpfr,mul,12.8542,77795713,0.080,4194304,4194304,3,0.1617
fp128,mpfr+754,mul,24.2407,41252879,0.151,4194304,4194304,2,0.2033
fp128,libcft,fma,181.5484,5508174,1.000,4194304,4194304,1,0.7615
fp128,mpfr,fma,50.2191,19912759,0.277,4194304,4194304,1,0.2106
fp128,mpfr+754,fma,61.0743,16373511,0.336,4194304,4194304,1,0.2562
fp128,libcft,div,4071.1923,245628,1.000,4194304,4194304,1,17.0758
fp128,mpfr,div,30.2405,33068197,0.007,4194304,4194304,1,0.1268
fp128,mpfr+754,div,39.3598,25406628,0.010,4194304,4194304,1,0.1651
fp128,libcft,sqrt,4911.0270,203623,1.000,4194304,4194304,1,20.5983
fp128,mpfr,sqrt,40.3512,24782440,0.008,4194304,4194304,1,0.1692
fp128,mpfr+754,sqrt,49.0832,20373556,0.010,4194304,4194304,1,0.2059
fp256,libcft,add,318.6887,3137858,1.000,1,1,980339,0.3124
fp256,mpfr,add,11.7979,84760811,0.037,1,1,1048576,0.0124
fp256,mpfr+754,add,22.9657,43543255,0.072,1,1,4194304,0.0963
fp256,libcft,mul,228.8234,4370181,1.000,1,1,1364174,0.3122
fp256,mpfr,mul,28.8647,34644359,0.126,1,1,11134974,0.3214
fp256,mpfr+754,mul,42.3343,23621498,0.185,1,1,4194304,0.1776
fp256,libcft,fma,266.5282,3751948,1.000,1,1,1156099,0.3081
fp256,mpfr,fma,41.8165,23914021,0.157,1,1,4194304,0.1754
fp256,mpfr+754,fma,54.1866,18454753,0.203,1,1,4194304,0.2273
fp256,libcft,div,8965.7348,111536,1.000,1,1,34875,0.3127
fp256,mpfr,div,61.5828,16238299,0.007,1,1,4194304,0.2583
fp256,mpfr+754,div,74.6061,13403724,0.008,1,1,4133199,0.3084
fp256,libcft,sqrt,10723.9194,93249,1.000,1,1,29198,0.3131
fp256,mpfr,sqrt,81.2786,12303366,0.008,1,1,3825178,0.3109
fp256,mpfr+754,sqrt,89.7096,11147079,0.008,1,1,3596137,0.3226
fp256,libcft,add,317.6345,3148272,1.000,4,4,257546,0.3272
fp256,mpfr,add,12.1739,82143005,0.038,4,4,4194304,0.2042
fp256,mpfr+754,add,23.9986,41669150,0.076,4,4,3244485,0.3115
fp256,libcft,mul,228.9587,4367599,1.000,4,4,341258,0.3125
fp256,mpfr,mul,27.3689,36537884,0.120,4,4,2898797,0.3173
fp256,mpfr+754,mul,40.0102,24993628,0.175,4,4,1962156,0.3140
fp256,libcft,fma,261.6644,3821689,1.000,4,4,262144,0.2744
fp256,mpfr,fma,44.4459,22499256,0.170,4,4,1715962,0.3051
fp256,mpfr+754,fma,55.7426,17939601,0.213,4,4,1389606,0.3098
fp256,libcft,div,7592.6323,131707,1.000,4,4,10261,0.3116
fp256,mpfr,div,65.1474,15349798,0.009,4,4,1215846,0.3168
fp256,mpfr+754,div,78.1797,12791045,0.010,4,4,998696,0.3123
fp256,libcft,sqrt,9308.5036,107429,1.000,4,4,8320,0.3098
fp256,mpfr,sqrt,88.6782,11276730,0.010,4,4,884417,0.3137
fp256,mpfr+754,sqrt,104.2546,9591906,0.011,4,4,748689,0.3122
fp256,libcft,add,311.8748,3206415,1.000,16,16,61980,0.3093
fp256,mpfr,add,13.8300,72306358,0.044,16,16,1426383,0.3156
fp256,mpfr+754,add,24.7421,40416891,0.079,16,16,773794,0.3063
fp256,libcft,mul,236.1741,4234165,1.000,16,16,82576,0.3120
fp256,mpfr,mul,31.6223,31623214,0.134,16,16,613101,0.3102
fp256,mpfr+754,mul,43.9372,22759775,0.186,16,16,444928,0.3128
fp256,libcft,fma,255.0272,3921150,1.000,16,16,75700,0.3089
fp256,mpfr,fma,39.9637,25022730,0.157,16,16,490164,0.3134
fp256,mpfr+754,fma,52.4844,19053287,0.206,16,16,375214,0.3151
fp256,libcft,div,7071.2934,141417,1.000,16,16,2708,0.3064
fp256,mpfr,div,68.9940,14494004,0.010,16,16,262144,0.2894
fp256,mpfr+754,div,84.1707,11880622,0.012,16,16,235641,0.3173
fp256,libcft,sqrt,8688.5898,115093,1.000,16,16,2294,0.3189
fp256,mpfr,sqrt,100.1194,9988074,0.012,16,16,180791,0.2896
fp256,mpfr+754,sqrt,115.9897,8621452,0.013,16,16,172484,0.3201
fp256,libcft,add,315.2319,3172268,1.000,64,64,15620,0.3151
fp256,mpfr,add,14.5611,68676364,0.046,64,64,332561,0.3099
fp256,mpfr+754,add,26.9923,37047597,0.086,64,64,183961,0.3178
fp256,libcft,mul,234.6015,4262547,1.000,64,64,21041,0.3159
fp256,mpfr,mul,35.4201,28232528,0.151,64,64,133906,0.3036
fp256,mpfr+754,mul,46.9748,21287988,0.200,64,64,102655,0.3086
fp256,libcft,fma,266.9837,3745547,1.000,64,64,18411,0.3146
fp256,mpfr,fma,47.5532,21029091,0.178,64,64,101790,0.3098
fp256,mpfr+754,fma,60.9228,16414225,0.228,64,64,80600,0.3143
fp256,libcft,div,6923.8008,144429,1.000,64,64,714,0.3164
fp256,mpfr,div,78.0781,12807686,0.011,64,64,63323,0.3164
fp256,mpfr+754,div,90.1406,11093783,0.013,64,64,53943,0.3112
fp256,libcft,sqrt,8520.9690,117358,1.000,64,64,576,0.3141
fp256,mpfr,sqrt,112.0237,8926679,0.013,64,64,44166,0.3166
fp256,mpfr+754,sqrt,127.1699,7863499,0.015,64,64,38273,0.3115
fp256,libcft,add,320.3897,3121199,1.000,256,256,3492,0.2864
fp256,mpfr,add,14.4272,69313652,0.045,256,256,84378,0.3116
fp256,mpfr+754,add,28.3382,35288098,0.088,256,256,42664,0.3095
fp256,libcft,mul,236.5006,4228319,1.000,256,256,5153,0.3120
fp256,mpfr,mul,35.1232,28471180,0.149,256,256,34551,0.3107
fp256,mpfr+754,mul,46.9510,21298785,0.199,256,256,26663,0.3205
fp256,libcft,fma,266.7284,3749132,1.000,256,256,4096,0.2797
fp256,mpfr,fma,50.9871,19612818,0.191,256,256,24085,0.3144
fp256,mpfr+754,fma,63.5242,15742026,0.238,256,256,19157,0.3115
fp256,libcft,div,6880.7040,145334,1.000,256,256,176,0.3100
fp256,mpfr,div,79.5991,12562958,0.012,256,256,15163,0.3090
fp256,mpfr+754,div,93.0290,10749332,0.014,256,256,13036,0.3105
fp256,libcft,sqrt,8396.7900,119093,1.000,256,256,147,0.3160
fp256,mpfr,sqrt,121.7544,8213253,0.015,256,256,10051,0.3133
fp256,mpfr+754,sqrt,135.9025,7358216,0.016,256,256,9040,0.3145
fp256,libcft,add,320.4270,3120836,1.000,1024,1024,964,0.3163
fp256,mpfr,add,17.1822,58199683,0.054,1024,1024,17511,0.3081
fp256,mpfr+754,add,31.4198,31827036,0.098,1024,1024,9810,0.3156
fp256,libcft,mul,235.8023,4240840,1.000,1024,1024,1289,0.3112
fp256,mpfr,mul,36.9619,27054850,0.157,1024,1024,8194,0.3101
fp256,mpfr+754,mul,48.5294,20606074,0.206,1024,1024,6273,0.3117
fp256,libcft,fma,270.4954,3696920,1.000,1024,1024,1102,0.3052
fp256,mpfr,fma,55.0491,18165615,0.204,1024,1024,5537,0.3121
fp256,mpfr+754,fma,67.2994,14858981,0.249,1024,1024,4096,0.2823
fp256,libcft,div,6864.8098,145670,1.000,1024,1024,46,0.3234
fp256,mpfr,div,81.6674,12244792,0.012,1024,1024,3760,0.3144
fp256,mpfr+754,div,93.3635,10710819,0.014,1024,1024,3237,0.3095
fp256,libcft,sqrt,8382.8125,119292,1.000,1024,1024,37,0.3176
fp256,mpfr,sqrt,128.5739,7777629,0.015,1024,1024,2330,0.3068
fp256,mpfr+754,sqrt,141.4181,7071232,0.017,1024,1024,2081,0.3014
fp256,libcft,add,322.5240,3100544,1.000,4096,4096,240,0.3171
fp256,mpfr,add,21.8573,45751391,0.068,4096,4096,3366,0.3013
fp256,mpfr+754,add,33.6508,29716938,0.104,4096,4096,2257,0.3111
fp256,libcft,mul,238.7486,4188506,1.000,4096,4096,315,0.3080
fp256,mpfr,mul,36.8063,27169247,0.154,4096,4096,2072,0.3124
fp256,mpfr+754,mul,48.0759,20800457,0.201,4096,4096,1563,0.3078
fp256,libcft,fma,270.5491,3696187,1.000,4096,4096,278,0.3081
fp256,mpfr,fma,55.8613,17901487,0.206,4096,4096,1384,0.3167
fp256,mpfr+754,fma,67.4616,14823249,0.249,4096,4096,1128,0.3117
fp256,libcft,div,6844.9041,146094,1.000,4096,4096,11,0.3084
fp256,mpfr,div,81.7861,12227019,0.012,4096,4096,955,0.3199
fp256,mpfr+754,div,92.7327,10783683,0.014,4096,4096,833,0.3164
fp256,libcft,sqrt,8306.1035,120393,1.000,4096,4096,10,0.3402
fp256,mpfr,sqrt,130.1210,7685152,0.016,4096,4096,579,0.3086
fp256,mpfr+754,sqrt,143.3428,6976282,0.017,4096,4096,537,0.3153
fp256,libcft,add,324.2528,3084014,1.000,16384,16384,61,0.3241
fp256,mpfr,add,25.1222,39805508,0.077,16384,16384,755,0.3108
fp256,mpfr+754,add,35.8065,27927866,0.110,16384,16384,535,0.3139
fp256,libcft,mul,239.4247,4176678,1.000,16384,16384,64,0.2511
fp256,mpfr,mul,37.2839,26821214,0.156,16384,16384,492,0.3005
fp256,mpfr+754,mul,48.2592,20721418,0.202,16384,16384,390,0.3084
fp256,libcft,fma,271.8954,3677885,1.000,16384,16384,64,0.2851
fp256,mpfr,fma,56.3040,17760731,0.207,16384,16384,324,0.2989
fp256,mpfr+754,fma,67.6235,14787761,0.249,16384,16384,282,0.3124
fp256,libcft,div,6855.5094,145868,1.000,16384,16384,3,0.3370
fp256,mpfr,div,81.8194,12222035,0.012,16384,16384,236,0.3164
fp256,mpfr+754,div,93.1621,10733984,0.014,16384,16384,207,0.3160
fp256,libcft,sqrt,8385.4167,119255,1.000,16384,16384,3,0.4122
fp256,mpfr,sqrt,133.0036,7518593,0.016,16384,16384,145,0.3160
fp256,mpfr+754,sqrt,144.6673,6912412,0.017,16384,16384,131,0.3105
fp256,libcft,add,323.3521,3092604,1.000,65536,65536,15,0.3179
fp256,mpfr,add,26.7206,37424375,0.083,65536,65536,177,0.3100
fp256,mpfr+754,add,36.5913,27328915,0.113,65536,65536,130,0.3117
fp256,libcft,mul,238.7935,4187719,1.000,65536,65536,21,0.3286
fp256,mpfr,mul,37.4204,26723397,0.157,65536,65536,128,0.3139
fp256,mpfr+754,mul,49.1580,20342585,0.206,65536,65536,99,0.3189
fp256,libcft,fma,274.2538,3646257,1.000,65536,65536,18,0.3235
fp256,mpfr,fma,57.4464,17407521,0.209,65536,65536,84,0.3162
fp256,mpfr+754,fma,68.4607,14606920,0.250,65536,65536,64,0.2871
fp256,libcft,div,6846.5424,146059,1.000,65536,65536,1,0.4487
fp256,mpfr,div,82.7878,12079073,0.012,65536,65536,55,0.2984
fp256,mpfr+754,div,94.1076,10626137,0.014,65536,65536,53,0.3269
fp256,libcft,sqrt,8376.8463,119377,1.000,65536,65536,1,0.5490
fp256,mpfr,sqrt,133.6148,7484201,0.016,65536,65536,38,0.3327
fp256,mpfr+754,sqrt,144.7009,6910807,0.017,65536,65536,34,0.3224
fp256,libcft,add,320.9000,3116236,1.000,262144,262144,2,0.1682
fp256,mpfr,add,26.1094,38300314,0.081,262144,262144,23,0.1574
fp256,mpfr+754,add,35.8968,27857675,0.112,262144,262144,17,0.1600
fp256,libcft,mul,240.2662,4162051,1.000,262144,262144,3,0.1890
fp256,mpfr,mul,37.2300,26860048,0.155,262144,262144,16,0.1562
fp256,mpfr+754,mul,48.9168,20442867,0.204,262144,262144,12,0.1539
fp256,libcft,fma,270.1098,3702198,1.000,262144,262144,3,0.2124
fp256,mpfr,fma,56.9649,17554678,0.211,262144,262144,11,0.1643
fp256,mpfr+754,fma,69.1350,14464447,0.256,262144,262144,9,0.1631
fp256,libcft,div,6825.0198,146520,1.000,262144,262144,1,1.7891
fp256,mpfr,div,81.9201,12207020,0.012,262144,262144,7,0.1503
fp256,mpfr+754,div,93.8546,10654775,0.014,262144,262144,7,0.1722
fp256,libcft,sqrt,8364.7041,119550,1.000,262144,262144,1,2.1928
fp256,mpfr,sqrt,132.8911,7524959,0.016,262144,262144,5,0.1742
fp256,mpfr+754,sqrt,143.6090,6963350,0.017,262144,262144,4,0.1506
fp256,libcft,add,327.9476,3049267,1.000,1048576,1048576,1,0.3439
fp256,mpfr,add,26.2690,38067744,0.080,1048576,1048576,6,0.1653
fp256,mpfr+754,add,36.6795,27263180,0.112,1048576,1048576,4,0.1538
fp256,libcft,mul,237.6966,4207043,1.000,1048576,1048576,1,0.2492
fp256,mpfr,mul,37.2064,26877088,0.157,1048576,1048576,4,0.1561
fp256,mpfr+754,mul,49.1241,20356615,0.207,1048576,1048576,3,0.1545
fp256,libcft,fma,272.6183,3668132,1.000,1048576,1048576,1,0.2859
fp256,mpfr,fma,57.2151,17477917,0.210,1048576,1048576,3,0.1800
fp256,mpfr+754,fma,68.1518,14673129,0.250,1048576,1048576,3,0.2144
fp256,libcft,div,6856.3337,145851,1.000,1048576,1048576,1,7.1894
fp256,mpfr,div,81.8210,12221807,0.012,1048576,1048576,2,0.1716
fp256,mpfr+754,div,93.6737,10675354,0.014,1048576,1048576,2,0.1964
fp256,libcft,sqrt,8357.5058,119653,1.000,1048576,1048576,1,8.7635
fp256,mpfr,sqrt,132.4825,7548165,0.016,1048576,1048576,1,0.1389
fp256,mpfr+754,sqrt,145.3724,6878885,0.017,1048576,1048576,1,0.1524
fp256,libcft,add,325.1872,3075152,1.000,4194304,4194304,1,1.3639
fp256,mpfr,add,25.9953,38468560,0.080,4194304,4194304,2,0.2181
fp256,mpfr+754,add,36.4556,27430604,0.112,4194304,4194304,1,0.1529
fp256,libcft,mul,238.3807,4194971,1.000,4194304,4194304,1,0.9998
fp256,mpfr,mul,37.6427,26565564,0.158,4194304,4194304,1,0.1579
fp256,mpfr+754,mul,49.0978,20367521,0.206,4194304,4194304,1,0.2059
fp256,libcft,fma,273.4265,3657290,1.000,4194304,4194304,1,1.1468
fp256,mpfr,fma,58.8725,16985870,0.215,4194304,4194304,1,0.2469
fp256,mpfr+754,fma,68.3644,14627500,0.250,4194304,4194304,1,0.2867
fp256,libcft,div,6866.0989,145643,1.000,4194304,4194304,1,28.7985
fp256,mpfr,div,82.9751,12051801,0.012,4194304,4194304,1,0.3480
fp256,mpfr+754,div,93.7443,10667318,0.014,4194304,4194304,1,0.3932
fp256,libcft,sqrt,8378.2976,119356,1.000,4194304,4194304,1,35.1411
fp256,mpfr,sqrt,134.7160,7423021,0.016,4194304,4194304,1,0.5650
fp256,mpfr+754,sqrt,143.5802,6964749,0.017,4194304,4194304,1,0.6022
